{
  "final": {
    "homeScore": 4,
    "awayScore": 3,
    "label": 1
  },
  "overall": {
    "n": 1,
    "brier": 0.14001140938056764,
    "logloss": 0.4686940627709481,
    "sharpness": 0.12581901520712246,
    "volatility": 0
  },
  "byPhase": {
    "early": {
      "n": 0,
      "brier": null,
      "logloss": null
    },
    "mid": {
      "n": 1,
      "brier": 0.14001140938056764,
      "logloss": 0.4686940627709481
    },
    "late": {
      "n": 0,
      "brier": null,
      "logloss": null
    }
  }
}