{
  "final": {
    "homeScore": 3,
    "awayScore": 2,
    "label": 1
  },
  "overall": {
    "n": 3,
    "brier": 0.17704394739812668,
    "logloss": 0.5460287229333183,
    "sharpness": 0.07927559361876386,
    "volatility": 0.012523111548350618
  },
  "byPhase": {
    "early": {
      "n": 1,
      "brier": 0.1802626604952792,
      "logloss": 0.5526437813602639
    },
    "mid": {
      "n": 2,
      "brier": 0.17543459084955043,
      "logloss": 0.5427211937198455
    },
    "late": {
      "n": 0,
      "brier": null,
      "logloss": null
    }
  }
}